a0,a1,a2,a3,st_range,end_range
-0.000000,-0.000000,-0.000000,-0.000000,-82.916793,-82.916793
-0.000000,-0.000000,-0.000000,-0.000000,-82.916793,-81.613026
-0.000000,-0.000000,-0.000000,-0.000000,-81.613026,-66.750079
-0.000000,-0.000000,-0.000000,-0.000000,-66.750079,-46.150556
-0.000000,-0.000000,-0.000000,-0.000000,-46.150556,-32.591377
-0.000000,-0.000000,-0.000000,-0.000000,-32.591377,-28.680075
-0.000000,-0.000000,-0.000000,-0.000000,-28.680075,-22.943499
-0.000000,-0.000000,-0.000000,-0.000000,-22.943499,-12.774115
