a0,a1,a2,a3,st_range,end_range
-2.525268,0.291185,-0.024287,-0.000621,-13.034868,-33.895144
72.379854,6.920907,0.171308,0.001302,-33.895144,-56.841448
-11475.153111,-602.539270,-10.550800,-0.061575,-56.841448,-64.664051
227073.579870,10464.602110,160.597483,0.820668,-64.664051,-65.707065
-14962.830643,-586.100420,-7.583861,-0.032519,-65.707065,-80.309258
5098.969624,163.320033,1.747821,0.006213,-80.309258,-104.037822
-7403.462097,-197.195925,-1.717419,-0.004889,-104.037822,-117.075495
432.329803,3.592256,-0.002387,-0.000006,-117.075495,-126.984126
