a0,a1,a2,a3,st_range,end_range
432.329803,3.592256,-0.002387,-0.000006,-126.984126,-117.075495
-7403.462097,-197.195925,-1.717419,-0.004889,-117.075495,-104.037822
5098.969624,163.320033,1.747821,0.006213,-104.037822,-80.309258
-14962.830643,-586.100420,-7.583861,-0.032519,-80.309258,-65.707065
227073.579870,10464.602110,160.597483,0.820668,-65.707065,-64.664051
-11475.153111,-602.539270,-10.550800,-0.061575,-64.664051,-56.841448
72.379854,6.920907,0.171308,0.001302,-56.841448,-33.895144
-2.525268,0.291185,-0.024287,-0.000621,-33.895144,-13.034868
